[
    {
        "vulnerabilities": [
            "insufficient monitoring",
            "sql-injection",
            "docker image",
            "third party dependency",
            "vm version"
        ],
        "attacks": [
            "sql injection attack",
            "border gateway protocol hijacking attack",
            "dos attack"
        ]
    },
    {
        "vulnerabilities": [
            "broken object property level authorization",
            "broken access control"
        ],
        "attacks": [
            "role base access controller attack"
        ]
    },
    {
        "vulnerabilities": [
            "excessive permissions"
        ],
        "attacks": [
            "role base access controller attack"
        ]
    },
    {
        "vulnerabilities": [
            "session fixation",
            "improper inventory management"
        ],
        "attacks": [
            "slowloris attack"
        ]
    },
    {
        "vulnerabilities": [
            "insecure third party libraries",
            "object injection",
            "xml external entity",
            "http path",
            "exploiting know vulnerabilities"
        ],
        "attacks": [
            "border gateway protocol hijacking attack",
            "sql injection attack",
            "zero-day attack"
        ]
    },
    {
        "vulnerabilities": [
            "sql-injection",
            "webhooks and callbacks",
            "insecure third party dependencies",
            "dos",
            "clickjacking"
        ],
        "attacks": [
            "sql injection attack",
            "slowloris attack",
            "border gateway protocol hijacking attack",
            "dos attack"
        ]
    },
    {
        "vulnerabilities": [
            "injection attacks",
            "big return data",
            "cors",
            "brute force"
        ],
        "attacks": [
            "sql injection attack",
            "large payload post attack",
            "xss attack",
            "dos attack",
            "zero-day attack"
        ]
    },
    {
        "vulnerabilities": [
            "request input"
        ],
        "attacks": [
            "large payload post attack",
            "sql injection attack"
        ]
    },
    {
        "vulnerabilities": [
            "buffer overflow",
            "logical errors",
            "exploiting know vulnerabilities"
        ],
        "attacks": [
            "large payload post attack",
            "zero-day attack"
        ]
    },
    {
        "vulnerabilities": [
            "clickjacking",
            "session side-jacking"
        ],
        "attacks": [
            "slowloris attack",
            "open redirection attack"
        ]
    },
    {
        "vulnerabilities": [
            "nosql-injection"
        ],
        "attacks": [
            "sql injection attack"
        ]
    },
    {
        "vulnerabilities": [
            "session fixation"
        ],
        "attacks": [
            "slowloris attack"
        ]
    },
    {
        "vulnerabilities": [
            "header manipulation",
            "injection attacks"
        ],
        "attacks": [
            "slowloris attack",
            "sql injection attack"
        ]
    },
    {
        "vulnerabilities": [
            "excessive permissions",
            "broken object property level authorization"
        ],
        "attacks": [
            "role base access controller attack"
        ]
    },
    {
        "vulnerabilities": [
            "insider threats"
        ],
        "attacks": [
            "zero-day attack"
        ]
    },
    {
        "vulnerabilities": [
            "object injection",
            "insufficient logging",
            "request input"
        ],
        "attacks": [
            "sql injection attack",
            "large payload post attack"
        ]
    },
    {
        "vulnerabilities": [
            "insecure file uploads",
            "broken function level authorization"
        ],
        "attacks": [
            "large payload post attack",
            "role base access controller attack"
        ]
    },
    {
        "vulnerabilities": [
            "request input"
        ],
        "attacks": [
            "large payload post attack",
            "sql injection attack"
        ]
    },
    {
        "vulnerabilities": [
            "session hijacking",
            "soap"
        ],
        "attacks": [
            "open redirection attack",
            "slowloris attack"
        ]
    },
    {
        "vulnerabilities": [
            "mass assignment",
            "lfi",
            "authentication lack",
            "cors"
        ],
        "attacks": [
            "large payload post attack",
            "xss attack",
            "role base access controller attack"
        ]
    },
    {
        "vulnerabilities": [
            "xml external entity",
            "directory traversal"
        ],
        "attacks": [
            "sql injection attack",
            "zero-day attack"
        ]
    },
    {
        "vulnerabilities": [
            "insecure direct object references",
            "cors",
            "mail server",
            "insider threats"
        ],
        "attacks": [
            "xss attack",
            "border gateway protocol hijacking attack",
            "zero-day attack"
        ]
    },
    {
        "vulnerabilities": [
            "ddos"
        ],
        "attacks": [
            "dos attack"
        ]
    },
    {
        "vulnerabilities": [
            "ldap injection",
            "security misconfiguration",
            "excessive permissions",
            "http response splitting"
        ],
        "attacks": [
            "zero-day attack",
            "role base access controller attack"
        ]
    },
    {
        "vulnerabilities": [
            "sensitive data exposure",
            "hpp",
            "insecure direct object references",
            "http host header"
        ],
        "attacks": [
            "open redirection attack",
            "sql injection attack"
        ]
    },
    {
        "vulnerabilities": [
            "server side reqeust forgery",
            "2fa"
        ],
        "attacks": [
            "slowloris attack",
            "role base access controller attack"
        ]
    },
    {
        "vulnerabilities": [
            "http response splitting",
            "unrestricted cors",
            "broken function level authorization",
            "broken object property level authorization",
            "xpath injection"
        ],
        "attacks": [
            "xss attack",
            "role base access controller attack",
            "sql injection attack"
        ]
    },
    {
        "vulnerabilities": [
            "insider threats",
            "insecure third party dependencies",
            "request path"
        ],
        "attacks": [
            "sql injection attack",
            "border gateway protocol hijacking attack",
            "zero-day attack"
        ]
    },
    {
        "vulnerabilities": [
            "broken object property level authorization",
            "request path",
            "third party dependency"
        ],
        "attacks": [
            "role base access controller attack",
            "border gateway protocol hijacking attack"
        ]
    },
    {
        "vulnerabilities": [
            "xml external entity",
            "excessive permissions",
            "insider threats",
            "cross site scripting",
            "phishing"
        ],
        "attacks": [
            "role base access controller attack",
            "xss attack",
            "border gateway protocol hijacking attack",
            "zero-day attack"
        ]
    },
    {
        "vulnerabilities": [
            "input validation"
        ],
        "attacks": [
            "large payload post attack",
            "sql injection attack"
        ]
    },
    {
        "vulnerabilities": [
            "phishing",
            "request input",
            "insecure direct object references"
        ],
        "attacks": [
            "large payload post attack",
            "sql injection attack"
        ]
    },
    {
        "vulnerabilities": [
            "server side reqeust forgery"
        ],
        "attacks": [
            "slowloris attack"
        ]
    },
    {
        "vulnerabilities": [
            "unrestricted access to sensitive business flows"
        ],
        "attacks": [
            "role base access controller attack"
        ]
    },
    {
        "vulnerabilities": [
            "http path",
            "cross site scripting",
            "credential stuffing",
            "elevation of privilege",
            "server side reqeust forgery"
        ],
        "attacks": [
            "xss attack",
            "open redirection attack",
            "slowloris attack",
            "sql injection attack"
        ]
    },
    {
        "vulnerabilities": [
            "buffer overflow"
        ],
        "attacks": [
            "large payload post attack"
        ]
    },
    {
        "vulnerabilities": [
            "remote file inclusion",
            "server side reqeust forgery",
            "soap"
        ],
        "attacks": [
            "border gateway protocol hijacking attack",
            "slowloris attack"
        ]
    },
    {
        "vulnerabilities": [
            "canonicalization"
        ],
        "attacks": [
            "zero-day attack"
        ]
    },
    {
        "vulnerabilities": [
            "cors"
        ],
        "attacks": [
            "xss attack"
        ]
    },
    {
        "vulnerabilities": [
            "broken session management"
        ],
        "attacks": [
            "role base access controller attack"
        ]
    },
    {
        "vulnerabilities": [
            "man in the middle",
            "exploiting know vulnerabilities",
            "clickjacking",
            "dns spoofing"
        ],
        "attacks": [
            "border gateway protocol hijacking attack"
        ]
    }
]