[
    {
        "vulnerabilities": [
            "mail-injection"
        ],
        "attacks": [
            "border gateway protocol hijacking attack",
            "sql injection attack"
        ]
    },
    {
        "vulnerabilities": [
            "broken object property level authorization",
            "huge payload",
            "mail-injection",
            "unsafe consumption of apis"
        ],
        "attacks": [
            "role base access controller attack",
            "large payload post attack",
            "border gateway protocol hijacking attack",
            "sql injection attack",
            "zero-day attack"
        ]
    },
    {
        "vulnerabilities": [
            "input fields",
            "input validation"
        ],
        "attacks": [
            "sql injection attack",
            "large payload post attack"
        ]
    },
    {
        "vulnerabilities": [
            "session fixation",
            "business logic",
            "third party dependency"
        ],
        "attacks": [
            "open redirection attack",
            "zero-day attack",
            "border gateway protocol hijacking attack"
        ]
    },
    {
        "vulnerabilities": [
            "data validation",
            "xpath injection",
            "vm version",
            "ss-include"
        ],
        "attacks": [
            "sql injection attack",
            "large payload post attack",
            "dos attack",
            "zero-day attack",
            "role base access controller attack"
        ]
    },
    {
        "vulnerabilities": [
            "ssrf"
        ],
        "attacks": [
            "slowloris attack"
        ]
    },
    {
        "vulnerabilities": [
            "insufficient logging",
            "insider threats"
        ],
        "attacks": [
            "zero-day attack"
        ]
    },
    {
        "vulnerabilities": [
            "hpp",
            "huge payload",
            "broken function level authorization"
        ],
        "attacks": [
            "sql injection attack",
            "large payload post attack",
            "role base access controller attack"
        ]
    },
    {
        "vulnerabilities": [
            "api versioning",
            "http response splitting",
            "session fixation"
        ],
        "attacks": [
            "slowloris attack",
            "role base access controller attack",
            "zero-day attack",
            "open redirection attack"
        ]
    },
    {
        "vulnerabilities": [
            "server side reqeust forgery",
            "buffer overflow"
        ],
        "attacks": [
            "slowloris attack",
            "large payload post attack"
        ]
    },
    {
        "vulnerabilities": [
            "server side template injection",
            "directory traversal",
            "lack of two factor authentication",
            "2fa"
        ],
        "attacks": [
            "sql injection attack",
            "zero-day attack",
            "role base access controller attack"
        ]
    },
    {
        "vulnerabilities": [
            "os version"
        ],
        "attacks": [
            "dos attack",
            "zero-day attack"
        ]
    },
    {
        "vulnerabilities": [
            "broken authentication",
            "ddos",
            "serverless function",
            "input validation"
        ],
        "attacks": [
            "role base access controller attack",
            "dos attack",
            "sql injection attack",
            "large payload post attack"
        ]
    },
    {
        "vulnerabilities": [
            "input fields"
        ],
        "attacks": [
            "sql injection attack",
            "large payload post attack"
        ]
    },
    {
        "vulnerabilities": [
            "injection attacks",
            "html form",
            "unrestricted resource consumption"
        ],
        "attacks": [
            "sql injection attack",
            "large payload post attack",
            "zero-day attack"
        ]
    },
    {
        "vulnerabilities": [
            "exploiting know vulnerabilities",
            "buffer overflow",
            "server side template injection",
            "elevation of privilege"
        ],
        "attacks": [
            "zero-day attack",
            "large payload post attack",
            "sql injection attack",
            "role base access controller attack"
        ]
    },
    {
        "vulnerabilities": [
            "unrestricted cors",
            "excessive permissions"
        ],
        "attacks": [
            "xss attack",
            "role base access controller attack"
        ]
    },
    {
        "vulnerabilities": [
            "dos",
            "session replay",
            "no header token",
            "server side template injection",
            "excessive permissions"
        ],
        "attacks": [
            "dos attack",
            "slowloris attack",
            "role base access controller attack",
            "sql injection attack"
        ]
    },
    {
        "vulnerabilities": [
            "community-xss"
        ],
        "attacks": [
            "xss attack"
        ]
    },
    {
        "vulnerabilities": [
            "header manipulation",
            "insecure third party dependencies"
        ],
        "attacks": [
            "open redirection attack",
            "border gateway protocol hijacking attack"
        ]
    },
    {
        "vulnerabilities": [
            "http host header",
            "injection attacks",
            "insecure file uploads"
        ],
        "attacks": [
            "open redirection attack",
            "border gateway protocol hijacking attack",
            "sql injection attack",
            "large payload post attack"
        ]
    },
    {
        "vulnerabilities": [
            "broken access control",
            "big return data"
        ],
        "attacks": [
            "role base access controller attack",
            "large payload post attack"
        ]
    },
    {
        "vulnerabilities": [
            "insecure third party libraries",
            "huge payload",
            "broken function level authorization",
            "server side reqeust forgery"
        ],
        "attacks": [
            "border gateway protocol hijacking attack",
            "open redirection attack",
            "zero-day attack",
            "large payload post attack",
            "role base access controller attack",
            "slowloris attack"
        ]
    },
    {
        "vulnerabilities": [
            "broken object level authorization"
        ],
        "attacks": [
            "role base access controller attack"
        ]
    },
    {
        "vulnerabilities": [
            "header manipulation",
            "unsafe consumption of apis",
            "xpath injection",
            "community-xss"
        ],
        "attacks": [
            "open redirection attack",
            "zero-day attack",
            "sql injection attack",
            "xss attack"
        ]
    },
    {
        "vulnerabilities": [
            "cross site request forgery",
            "cors",
            "insecure direct object references",
            "no header token",
            "injection attacks"
        ],
        "attacks": [
            "slowloris attack",
            "xss attack",
            "zero-day attack",
            "role base access controller attack",
            "sql injection attack"
        ]
    },
    {
        "vulnerabilities": [
            "mysql server",
            "broken authentication",
            "server side request forgery",
            "header manipulation"
        ],
        "attacks": [
            "border gateway protocol hijacking attack",
            "sql injection attack",
            "role base access controller attack",
            "slowloris attack",
            "open redirection attack"
        ]
    },
    {
        "vulnerabilities": [
            "cross site request forgery",
            "mail server",
            "hpp",
            "serverless function"
        ],
        "attacks": [
            "slowloris attack",
            "border gateway protocol hijacking attack",
            "sql injection attack",
            "dos attack"
        ]
    },
    {
        "vulnerabilities": [
            "http host header",
            "xpath injection"
        ],
        "attacks": [
            "open redirection attack",
            "border gateway protocol hijacking attack",
            "sql injection attack"
        ]
    },
    {
        "vulnerabilities": [
            "mail server",
            "community-xss",
            "request path",
            "csrf"
        ],
        "attacks": [
            "border gateway protocol hijacking attack",
            "xss attack",
            "sql injection attack"
        ]
    },
    {
        "vulnerabilities": [
            "improper inventory management",
            "content spoofing",
            "fingerprinting",
            "insecure third party dependencies",
            "excessive permissions"
        ],
        "attacks": [
            "zero-day attack",
            "border gateway protocol hijacking attack",
            "role base access controller attack"
        ]
    },
    {
        "vulnerabilities": [
            "lfi",
            "lack of two factor authentication",
            "cross site request forgery",
            "http path",
            "broken authentication"
        ],
        "attacks": [
            "large payload post attack",
            "role base access controller attack",
            "slowloris attack",
            "sql injection attack"
        ]
    },
    {
        "vulnerabilities": [
            "http verb tampering",
            "clickjacking",
            "no header token",
            "broken access control",
            "directory traversal"
        ],
        "attacks": [
            "zero-day attack",
            "border gateway protocol hijacking attack",
            "role base access controller attack"
        ]
    },
    {
        "vulnerabilities": [
            "business email compromise",
            "mail server",
            "session side-jacking"
        ],
        "attacks": [
            "border gateway protocol hijacking attack",
            "open redirection attack"
        ]
    },
    {
        "vulnerabilities": [
            "insufficient monitoring",
            "ssrf",
            "os version"
        ],
        "attacks": [
            "zero-day attack",
            "slowloris attack",
            "dos attack"
        ]
    },
    {
        "vulnerabilities": [
            "huge payload",
            "canonicalization",
            "big return data",
            "insecure third party dependencies",
            "http verb tampering"
        ],
        "attacks": [
            "large payload post attack",
            "border gateway protocol hijacking attack",
            "zero-day attack"
        ]
    },
    {
        "vulnerabilities": [
            "lack of rate limiting",
            "injection attacks",
            "excessive permissions",
            "request path"
        ],
        "attacks": [
            "dos attack",
            "slowloris attack",
            "sql injection attack",
            "role base access controller attack"
        ]
    },
    {
        "vulnerabilities": [
            "race conditions",
            "broken object property level authorization"
        ],
        "attacks": [
            "slowloris attack",
            "role base access controller attack"
        ]
    },
    {
        "vulnerabilities": [
            "unsafe consumption of apis",
            "bypassing captcha"
        ],
        "attacks": [
            "zero-day attack",
            "large payload post attack"
        ]
    },
    {
        "vulnerabilities": [
            "buffer overflow",
            "http path",
            "mail server",
            "http host header",
            "insecure direct object references"
        ],
        "attacks": [
            "large payload post attack",
            "sql injection attack",
            "border gateway protocol hijacking attack",
            "open redirection attack",
            "zero-day attack"
        ]
    },
    {
        "vulnerabilities": [
            "man in the middle"
        ],
        "attacks": [
            "border gateway protocol hijacking attack"
        ]
    },
    {
        "vulnerabilities": [
            "csrf",
            "on container image",
            "http query",
            "input validation",
            "brute force"
        ],
        "attacks": [
            "xss attack",
            "dos attack",
            "sql injection attack",
            "large payload post attack",
            "slowloris attack"
        ]
    },
    {
        "vulnerabilities": [
            "ddos",
            "exploiting know vulnerabilities"
        ],
        "attacks": [
            "dos attack",
            "zero-day attack"
        ]
    },
    {
        "vulnerabilities": [
            "session hijacking",
            "man in the middle",
            "form field manipulation",
            "xml external entity"
        ],
        "attacks": [
            "border gateway protocol hijacking attack",
            "open redirection attack",
            "sql injection attack",
            "large payload post attack"
        ]
    },
    {
        "vulnerabilities": [
            "on container image",
            "rfi",
            "ddos"
        ],
        "attacks": [
            "dos attack",
            "border gateway protocol hijacking attack"
        ]
    },
    {
        "vulnerabilities": [
            "exploiting know vulnerabilities",
            "sensitive data exposure",
            "third party dependency",
            "http verb tampering"
        ],
        "attacks": [
            "zero-day attack",
            "role base access controller attack",
            "border gateway protocol hijacking attack"
        ]
    },
    {
        "vulnerabilities": [
            "insecure third party libraries",
            "header manipulation",
            "directory traversal"
        ],
        "attacks": [
            "border gateway protocol hijacking attack",
            "open redirection attack",
            "zero-day attack"
        ]
    },
    {
        "vulnerabilities": [
            "dns spoofing",
            "bypassing captcha",
            "rfi",
            "mysql server"
        ],
        "attacks": [
            "border gateway protocol hijacking attack",
            "large payload post attack",
            "sql injection attack"
        ]
    },
    {
        "vulnerabilities": [
            "directory traversal",
            "content spoofing"
        ],
        "attacks": [
            "zero-day attack",
            "border gateway protocol hijacking attack"
        ]
    },
    {
        "vulnerabilities": [
            "2fa",
            "insecure deserialization"
        ],
        "attacks": [
            "role base access controller attack",
            "zero-day attack"
        ]
    }
]