[
    {
        "vulnerabilities": [
            "unrestricted cors",
            "side channel"
        ],
        "attacks": [
            "dos attack",
            "slowloris attack",
            "xss attack",
            "large payload post attack"
        ]
    },
    {
        "vulnerabilities": [
            "injection attacks",
            "excessive permissions"
        ],
        "attacks": [
            "sql injection attack",
            "role base access controller attack",
            "xss attack"
        ]
    },
    {
        "vulnerabilities": [
            "insecure direct object references",
            "brute force"
        ],
        "attacks": [
            "dos attack",
            "border gateway protocol hijacking attack",
            "open redirection attack"
        ]
    },
    {
        "vulnerabilities": [
            "race conditions",
            "input fields"
        ],
        "attacks": [
            "sql injection attack",
            "xss attack",
            "large payload post attack",
            "dos attack",
            "slowloris attack"
        ]
    },
    {
        "vulnerabilities": [
            "cross site scripting"
        ],
        "attacks": [
            "xss attack"
        ]
    },
    {
        "vulnerabilities": [
            "broken function level authorization"
        ],
        "attacks": [
            "role base access controller attack"
        ]
    },
    {
        "vulnerabilities": [
            "business email compromise",
            "injection attacks"
        ],
        "attacks": [
            "border gateway protocol hijacking attack",
            "sql injection attack"
        ]
    },
    {
        "vulnerabilities": [
            "http host header"
        ],
        "attacks": [
            "slowloris attack"
        ]
    },
    {
        "vulnerabilities": [
            "insufficient logging"
        ],
        "attacks": [
            "zero-day attack"
        ]
    },
    {
        "vulnerabilities": [
            "data filtration"
        ],
        "attacks": [
            "role base access controller attack"
        ]
    },
    {
        "vulnerabilities": [
            "cors"
        ],
        "attacks": [
            "role base access controller attack"
        ]
    },
    {
        "vulnerabilities": [
            "input fields",
            "header manipulation"
        ],
        "attacks": [
            "large payload post attack",
            "role base access controller attack",
            "xss attack"
        ]
    },
    {
        "vulnerabilities": [
            "dos",
            "xss-scripting"
        ],
        "attacks": [
            "xss attack",
            "dos attack"
        ]
    },
    {
        "vulnerabilities": [
            "unrestricted cors",
            "broken object level authorization"
        ],
        "attacks": [
            "xss attack",
            "role base access controller attack"
        ]
    },
    {
        "vulnerabilities": [
            "api versioning",
            "session side-jacking"
        ],
        "attacks": [
            "slowloris attack",
            "xss attack",
            "border gateway protocol hijacking attack"
        ]
    },
    {
        "vulnerabilities": [
            "fingerprinting"
        ],
        "attacks": [
            "role base access controller attack"
        ]
    },
    {
        "vulnerabilities": [
            "brute force"
        ],
        "attacks": [
            "large payload post attack",
            "dos attack",
            "slowloris attack"
        ]
    },
    {
        "vulnerabilities": [
            "mass assignment"
        ],
        "attacks": [
            "large payload post attack"
        ]
    },
    {
        "vulnerabilities": [
            "improper inventory management",
            "ddos"
        ],
        "attacks": [
            "dos attack",
            "slowloris attack",
            "large payload post attack"
        ]
    },
    {
        "vulnerabilities": [
            "vm version",
            "request path"
        ],
        "attacks": [
            "dos attack",
            "large payload post attack",
            "role base access controller attack",
            "xss attack",
            "sql injection attack"
        ]
    },
    {
        "vulnerabilities": [
            "os version",
            "session side-jacking"
        ],
        "attacks": [
            "dos attack",
            "xss attack",
            "border gateway protocol hijacking attack"
        ]
    },
    {
        "vulnerabilities": [
            "business email compromise"
        ],
        "attacks": [
            "border gateway protocol hijacking attack"
        ]
    },
    {
        "vulnerabilities": [
            "docker image"
        ],
        "attacks": [
            "dos attack"
        ]
    },
    {
        "vulnerabilities": [
            "broken session management"
        ],
        "attacks": [
            "xss attack",
            "role base access controller attack"
        ]
    },
    {
        "vulnerabilities": [
            "input validation",
            "nosql-injection"
        ],
        "attacks": [
            "large payload post attack",
            "sql injection attack"
        ]
    },
    {
        "vulnerabilities": [
            "csrf",
            "directory traversal"
        ],
        "attacks": [
            "sql injection attack"
        ]
    },
    {
        "vulnerabilities": [
            "http query",
            "mail-injection"
        ],
        "attacks": [
            "role base access controller attack",
            "sql injection attack",
            "border gateway protocol hijacking attack"
        ]
    },
    {
        "vulnerabilities": [
            "vm version",
            "input form"
        ],
        "attacks": [
            "large payload post attack",
            "sql injection attack",
            "dos attack"
        ]
    },
    {
        "vulnerabilities": [
            "buffer overflow"
        ],
        "attacks": [
            "large payload post attack"
        ]
    },
    {
        "vulnerabilities": [
            "fingerprinting"
        ],
        "attacks": [
            "role base access controller attack"
        ]
    },
    {
        "vulnerabilities": [
            "brute force"
        ],
        "attacks": [
            "dos attack",
            "xss attack"
        ]
    },
    {
        "vulnerabilities": [
            "session replay"
        ],
        "attacks": [
            "xss attack"
        ]
    },
    {
        "vulnerabilities": [
            "xpath injection"
        ],
        "attacks": [
            "sql injection attack",
            "xss attack"
        ]
    },
    {
        "vulnerabilities": [
            "session hijacking"
        ],
        "attacks": [
            "xss attack"
        ]
    },
    {
        "vulnerabilities": [
            "header manipulation",
            "server side reqeust forgery"
        ],
        "attacks": [
            "border gateway protocol hijacking attack"
        ]
    },
    {
        "vulnerabilities": [
            "xss-scripting",
            "brute force"
        ],
        "attacks": [
            "xss attack",
            "dos attack",
            "slowloris attack"
        ]
    },
    {
        "vulnerabilities": [
            "remote file inclusion"
        ],
        "attacks": [
            "large payload post attack"
        ]
    },
    {
        "vulnerabilities": [
            "lfi"
        ],
        "attacks": [
            "large payload post attack"
        ]
    },
    {
        "vulnerabilities": [
            "input validation",
            "business email compromise"
        ],
        "attacks": [
            "large payload post attack",
            "sql injection attack",
            "open redirection attack",
            "border gateway protocol hijacking attack"
        ]
    },
    {
        "vulnerabilities": [
            "http response splitting"
        ],
        "attacks": [
            "zero-day attack"
        ]
    },
    {
        "vulnerabilities": [
            "unrestricted cors",
            "phishing"
        ],
        "attacks": [
            "role base access controller attack",
            "xss attack",
            "border gateway protocol hijacking attack",
            "open redirection attack"
        ]
    },
    {
        "vulnerabilities": [
            "2fa",
            "insecure direct object references"
        ],
        "attacks": [
            "role base access controller attack"
        ]
    },
    {
        "vulnerabilities": [
            "side channel"
        ],
        "attacks": [
            "border gateway protocol hijacking attack",
            "open redirection attack"
        ]
    },
    {
        "vulnerabilities": [
            "input form",
            "credential stuffing"
        ],
        "attacks": [
            "large payload post attack",
            "sql injection attack",
            "role base access controller attack"
        ]
    },
    {
        "vulnerabilities": [
            "docker image",
            "input fields"
        ],
        "attacks": [
            "dos attack",
            "large payload post attack",
            "sql injection attack"
        ]
    },
    {
        "vulnerabilities": [
            "cross site request forgery"
        ],
        "attacks": [
            "xss attack"
        ]
    },
    {
        "vulnerabilities": [
            "broken access control"
        ],
        "attacks": [
            "zero-day attack"
        ]
    },
    {
        "vulnerabilities": [
            "canonicalization"
        ],
        "attacks": [
            "sql injection attack"
        ]
    },
    {
        "vulnerabilities": [
            "os version",
            "http query"
        ],
        "attacks": [
            "sql injection attack",
            "role base access controller attack",
            "dos attack"
        ]
    },
    {
        "vulnerabilities": [
            "clickjacking"
        ],
        "attacks": [
            "open redirection attack"
        ]
    }
]
