[
    {
        "vulnerabilities": [
            "broken function level authorization",
            "improper inventory management",
            "ssti",
            "nosql-injection",
            "fingerprinting"
        ],
        "attacks": [
            "xss attack",
            "open redirection attack"
        ]
    },
    {
        "vulnerabilities": [
            "business logic",
            "serverless function",
            "ssrf",
            "exploiting know vulnerabilities",
            "xss-scripting",
            "excessive premissions"
        ],
        "attacks": [
            "sql injection attack",
            "large payload post attack"
        ]
    },
    {
        "vulnerabilities": [
            "ssti",
            "business logic",
            "ssrf",
            "security misconfiguration",
            "brute force",
            "unrestricted access to sensitive business flows"
        ],
        "attacks": [
            "sql injection attack",
            "large payload post attack",
            "open redirection attack"
        ]
    },
    {
        "vulnerabilities": [
            "business logic",
            "serverless function",
            "ssrf",
            "exploiting know vulnerabilities",
            "xss-scripting",
            "excessive premissions"
        ],
        "attacks": [
            "sql injection attack"
        ]
    },
    {
        "vulnerabilities": [
            "ssrf",
            "exploiting know vulnerabilities",
            "xss-scripting",
            "excessive premissions"
        ],
        "attacks": [
            "sql injection attack",
            "large payload post attack"
        ]
    }
]