[
    {
        "vulnerabilities": [
            "mail server"
        ],
        "attacks": [
            "border gateway protocol hijacking attack"
        ]
    },
    {
        "vulnerabilities": [
            "ldap injection",
            "broken access control"
        ],
        "attacks": [
            "sql injection attack",
            "role base access controller attack"
        ]
    },
    {
        "vulnerabilities": [
            "zero day",
            "dns spoofing"
        ],
        "attacks": [
            "large payload post attack",
            "border gateway protocol hijacking attack"
        ]
    },
    {
        "vulnerabilities": [
            "lack of rate limiting"
        ],
        "attacks": [
            "dos attack"
        ]
    },
    {
        "vulnerabilities": [
            "race conditions",
            "broken access control",
            "form field manipulation"
        ],
        "attacks": [
            "role base access controller attack",
            "large payload post attack",
            "dos attack"
        ]
    },
    {
        "vulnerabilities": [
            "request input",
            "server side template injection",
            "data validation"
        ],
        "attacks": [
            "large payload post attack",
            "sql injection attack"
        ]
    },
    {
        "vulnerabilities": [
            "session replay",
            "buffer overflow"
        ],
        "attacks": [
            "slowloris attack",
            "large payload post attack"
        ]
    },
    {
        "vulnerabilities": [
            "http query",
            "mail server"
        ],
        "attacks": [
            "sql injection attack",
            "border gateway protocol hijacking attack"
        ]
    },
    {
        "vulnerabilities": [
            "dns spoofing"
        ],
        "attacks": [
            "border gateway protocol hijacking attack"
        ]
    },
    {
        "vulnerabilities": [
            "phishing",
            "cookie poisoning"
        ],
        "attacks": [
            "border gateway protocol hijacking attack",
            "xss attack"
        ]
    },
    {
        "vulnerabilities": [
            "server side request forgery",
            "header manipulation",
            "http query"
        ],
        "attacks": [
            "slowloris attack",
            "open redirection attack",
            "sql injection attack"
        ]
    },
    {
        "vulnerabilities": [
            "big return data",
            "sql-injection",
            "broken authentication"
        ],
        "attacks": [
            "large payload post attack",
            "dos attack",
            "sql injection attack",
            "role base access controller attack"
        ]
    },
    {
        "vulnerabilities": [
            "dos",
            "session hijacking",
            "logical errors"
        ],
        "attacks": [
            "dos attack",
            "slowloris attack",
            "sql injection attack"
        ]
    },
    {
        "vulnerabilities": [
            "insecure third party dependencies",
            "email header injection",
            "community-xss"
        ],
        "attacks": [
            "xss attack",
            "border gateway protocol hijacking attack"
        ]
    },
    {
        "vulnerabilities": [
            "insecure third party dependencies",
            "insufficient monitoring"
        ],
        "attacks": [
            "border gateway protocol hijacking attack"
        ]
    },
    {
        "vulnerabilities": [
            "fingerprinting",
            "phishing"
        ],
        "attacks": [
            "role base access controller attack",
            "border gateway protocol hijacking attack",
            "open redirection attack"
        ]
    },
    {
        "vulnerabilities": [
            "improper inventory management",
            "http path"
        ],
        "attacks": [
            "sql injection attack"
        ]
    },
    {
        "vulnerabilities": [
            "credential stuffing"
        ],
        "attacks": [
            "role base access controller attack",
            "sql injection attack"
        ]
    },
    {
        "vulnerabilities": [
            "insider threats"
        ],
        "attacks": [
            "zero-day attack"
        ]
    },
    {
        "vulnerabilities": [
            "dos"
        ],
        "attacks": [
            "dos attack"
        ]
    },
    {
        "vulnerabilities": [
            "directory traversal"
        ],
        "attacks": [
            "sql injection attack"
        ]
    },
    {
        "vulnerabilities": [
            "path-traversal",
            "insecure third party libraries",
            "directory traversal"
        ],
        "attacks": [
            "sql injection attack",
            "border gateway protocol hijacking attack"
        ]
    },
    {
        "vulnerabilities": [
            "third party dependency",
            "form field manipulation"
        ],
        "attacks": [
            "border gateway protocol hijacking attack",
            "large payload post attack"
        ]
    },
    {
        "vulnerabilities": [
            "unrestricted cors",
            "excessive permissions",
            "sensitive data exposure"
        ],
        "attacks": [
            "xss attack",
            "role base access controller attack"
        ]
    },
    {
        "vulnerabilities": [
            "zero day"
        ],
        "attacks": [
            "zero-day attack"
        ]
    },
    {
        "vulnerabilities": [
            "sql-injection",
            "request input",
            "input form"
        ],
        "attacks": [
            "sql injection attack",
            "large payload post attack"
        ]
    },
    {
        "vulnerabilities": [
            "xpath injection",
            "big return data"
        ],
        "attacks": [
            "xss attack",
            "large payload post attack"
        ]
    },
    {
        "vulnerabilities": [
            "insecure file uploads",
            "broken object level authorization"
        ],
        "attacks": [
            "large payload post attack",
            "role base access controller attack"
        ]
    },
    {
        "vulnerabilities": [
            "broken function level authorization",
            "http response splitting",
            "vm version"
        ],
        "attacks": [
            "large payload post attack",
            "slowloris attack",
            "dos attack"
        ]
    },
    {
        "vulnerabilities": [
            "header manipulation"
        ],
        "attacks": [
            "open redirection attack"
        ]
    },
    {
        "vulnerabilities": [
            "cookie poisoning",
            "server side template injection"
        ],
        "attacks": [
            "open redirection attack",
            "border gateway protocol hijacking attack",
            "sql injection attack"
        ]
    },
    {
        "vulnerabilities": [
            "xss-scripting",
            "ldap injection",
            "ss-include"
        ],
        "attacks": [
            "xss attack",
            "border gateway protocol hijacking attack"
        ]
    },
    {
        "vulnerabilities": [
            "man in the middle"
        ],
        "attacks": [
            "border gateway protocol hijacking attack"
        ]
    },
    {
        "vulnerabilities": [
            "server side request forgery",
            "sql-injection",
            "business email compromise"
        ],
        "attacks": [
            "sql injection attack",
            "border gateway protocol hijacking attack"
        ]
    },
    {
        "vulnerabilities": [
            "broken session management",
            "broken object level authorization",
            "data validation"
        ],
        "attacks": [
            "role base access controller attack",
            "large payload post attack",
            "sql injection attack"
        ]
    },
    {
        "vulnerabilities": [
            "data filtration",
            "unrestricted access to sensitive business flows",
            "path-traversal"
        ],
        "attacks": [
            "sql injection attack",
            "role base access controller attack",
            "dos attack"
        ]
    },
    {
        "vulnerabilities": [
            "csrf"
        ],
        "attacks": [
            "xss attack"
        ]
    },
    {
        "vulnerabilities": [
            "security misconfiguration"
        ],
        "attacks": [
            "zero-day attack"
        ]
    },
    {
        "vulnerabilities": [
            "soap",
            "cross site scripting",
            "on container image"
        ],
        "attacks": [
            "xss attack",
            "zero-day attack"
        ]
    },
    {
        "vulnerabilities": [
            "dos"
        ],
        "attacks": [
            "dos attack"
        ]
    },
    {
        "vulnerabilities": [
            "insufficient monitoring",
            "bypassing captcha",
            "unrestricted api endpoints"
        ],
        "attacks": [
            "border gateway protocol hijacking attack",
            "role base access controller attack"
        ]
    },
    {
        "vulnerabilities": [
            "rfi"
        ],
        "attacks": [
            "open redirection attack"
        ]
    },
    {
        "vulnerabilities": [
            "ss-include"
        ],
        "attacks": [
            "open redirection attack"
        ]
    },
    {
        "vulnerabilities": [
            "broken access control",
            "insecure deserialization",
            "community-xss"
        ],
        "attacks": [
            "role base access controller attack",
            "xss attack"
        ]
    },
    {
        "vulnerabilities": [
            "lack of two factor authentication",
            "vm version",
            "header manipulation"
        ],
        "attacks": [
            "role base access controller attack",
            "zero-day attack",
            "open redirection attack"
        ]
    },
    {
        "vulnerabilities": [
            "ssrf",
            "lack of rate limiting",
            "broken object level authorization"
        ],
        "attacks": [
            "slowloris attack",
            "dos attack",
            "role base access controller attack"
        ]
    },
    {
        "vulnerabilities": [
            "insecure file uploads",
            "business logic"
        ],
        "attacks": [
            "large payload post attack",
            "dos attack",
            "sql injection attack",
            "slowloris attack"
        ]
    },
    {
        "vulnerabilities": [
            "api versioning",
            "injection attacks",
            "race conditions"
        ],
        "attacks": [
            "sql injection attack",
            "dos attack"
        ]
    },
    {
        "vulnerabilities": [
            "lack of two factor authentication",
            "xpath injection"
        ],
        "attacks": [
            "role base access controller attack",
            "sql injection attack"
        ]
    },
    {
        "vulnerabilities": [
            "cross site request forgery",
            "dos",
            "race conditions"
        ],
        "attacks": [
            "role base access controller attack",
            "xss attack",
            "dos attack"
        ]
    },
    {
        "vulnerabilities": [
            "canonicalization"
        ],
        "attacks": [
            "zero-day attack"
        ]
    },
    {
        "vulnerabilities": [
            "cors"
        ],
        "attacks": [
            "xss attack"
        ]
    },
    {
        "vulnerabilities": [
            "broken session management"
        ],
        "attacks": [
            "role base access controller attack"
        ]
    },
    {
        "vulnerabilities": [
            "man in the middle",
            "exploiting know vulnerabilities",
            "clickjacking",
            "dns spoofing"
        ],
        "attacks": [
            "border gateway protocol hijacking attack"
        ]
    }
]