[
    {
        "vulnerabilities": [
            "header manipulation"
        ],
        "attacks": [
            "open redirection attack"
        ]
    },
    {
        "vulnerabilities": [
            "cookie poisoning",
            "server side template injection"
        ],
        "attacks": [
            "open redirection attack",
            "border gateway protocol hijacking attack",
            "sql injection attack"
        ]
    },
    {
        "vulnerabilities": [
            "xss-scripting",
            "ldap injection",
            "ss-include"
        ],
        "attacks": [
            "xss attack",
            "border gateway protocol hijacking attack"
        ]
    },
    {
        "vulnerabilities": [
            "man in the middle"
        ],
        "attacks": [
            "border gateway protocol hijacking attack"
        ]
    },
    {
        "vulnerabilities": [
            "server side request forgery",
            "sql-injection",
            "business email compromise"
        ],
        "attacks": [
            "sql injection attack",
            "border gateway protocol hijacking attack"
        ]
    },
    {
        "vulnerabilities": [
            "broken session management",
            "broken object level authorization",
            "data validation"
        ],
        "attacks": [
            "role base access controller attack",
            "large payload post attack",
            "sql injection attack"
        ]
    },
    {
        "vulnerabilities": [
            "data filtration",
            "unrestricted access to sensitive business flows",
            "path-traversal"
        ],
        "attacks": [
            "sql injection attack",
            "role base access controller attack",
            "dos attack"
        ]
    },
    {
        "vulnerabilities": [
            "csrf"
        ],
        "attacks": [
            "xss attack"
        ]
    },
    {
        "vulnerabilities": [
            "security misconfiguration"
        ],
        "attacks": [
            "zero-day attack"
        ]
    },
    {
        "vulnerabilities": [
            "soap",
            "cross site scripting",
            "on container image"
        ],
        "attacks": [
            "xss attack",
            "zero-day attack"
        ]
    },
    {
        "vulnerabilities": [
            "dos"
        ],
        "attacks": [
            "dos attack"
        ]
    },
    {
        "vulnerabilities": [
            "insufficient monitoring",
            "bypassing captcha",
            "unrestricted api endpoints"
        ],
        "attacks": [
            "border gateway protocol hijacking attack",
            "role base access controller attack"
        ]
    },
    {
        "vulnerabilities": [
            "rfi"
        ],
        "attacks": [
            "open redirection attack"
        ]
    },
    {
        "vulnerabilities": [
            "ss-include"
        ],
        "attacks": [
            "open redirection attack"
        ]
    },
    {
        "vulnerabilities": [
            "broken access control",
            "insecure deserialization",
            "community-xss"
        ],
        "attacks": [
            "role base access controller attack",
            "xss attack"
        ]
    },
    {
        "vulnerabilities": [
            "lack of two factor authentication",
            "vm version",
            "header manipulation"
        ],
        "attacks": [
            "role base access controller attack",
            "zero-day attack",
            "open redirection attack"
        ]
    },
    {
        "vulnerabilities": [
            "ssrf",
            "lack of rate limiting",
            "broken object level authorization"
        ],
        "attacks": [
            "slowloris attack",
            "dos attack",
            "role base access controller attack"
        ]
    },
    {
        "vulnerabilities": [
            "insecure file uploads",
            "business logic"
        ],
        "attacks": [
            "large payload post attack",
            "dos attack",
            "sql injection attack",
            "slowloris attack"
        ]
    },
    {
        "vulnerabilities": [
            "insufficient monitoring",
            "sql-injection",
            "docker image",
            "third party dependency",
            "vm version"
        ],
        "attacks": [
            "sql injection attack",
            "border gateway protocol hijacking attack",
            "dos attack"
        ]
    },
    {
        "vulnerabilities": [
            "broken object property level authorization",
            "broken access control"
        ],
        "attacks": [
            "role base access controller attack"
        ]
    },
    {
        "vulnerabilities": [
            "excessive permissions"
        ],
        "attacks": [
            "role base access controller attack"
        ]
    }
]