[
    {
        "vulnerabilities": [
            "insider threats",
            "input fields",
            "insecure file uploads"
        ],
        "attacks": [
            "zero-day attack",
            "sql injection attack",
            "large payload post attack"
        ]
    },
    {
        "vulnerabilities": [
            "broken session management"
        ],
        "attacks": [
            "role base access controller attack"
        ]
    },
    {
        "vulnerabilities": [
            "session side-jacking",
            "bypassing captcha",
            "huge payload"
        ],
        "attacks": [
            "border gateway protocol hijacking attack",
            "open redirection attack",
            "large payload post attack"
        ]
    },
    {
        "vulnerabilities": [
            "server side template injection",
            "insecure third party libraries"
        ],
        "attacks": [
            "sql injection attack",
            "border gateway protocol hijacking attack",
            "open redirection attack",
            "zero-day attack"
        ]
    },
    {
        "vulnerabilities": [
            "csrf"
        ],
        "attacks": [
            "xss attack"
        ]
    },
    {
        "vulnerabilities": [
            "insufficient monitoring",
            "soap",
            "big return data"
        ],
        "attacks": [
            "zero-day attack",
            "open redirection attack",
            "large payload post attack"
        ]
    },
    {
        "vulnerabilities": [
            "hpp",
            "api versioning",
            "cookie poisoning"
        ],
        "attacks": [
            "sql injection attack",
            "slowloris attack",
            "role base access controller attack",
            "open redirection attack"
        ]
    },
    {
        "vulnerabilities": [
            "2fa"
        ],
        "attacks": [
            "role base access controller attack"
        ]
    },
    {
        "vulnerabilities": [
            "webhooks and callbacks",
            "insecure direct object references"
        ],
        "attacks": [
            "slowloris attack",
            "zero-day attack"
        ]
    },
    {
        "vulnerabilities": [
            "xml external entity"
        ],
        "attacks": [
            "sql injection attack"
        ]
    },
    {
        "vulnerabilities": [
            "xss-scripting",
            "excessive permissions"
        ],
        "attacks": [
            "xss attack",
            "role base access controller attack"
        ]
    },
    {
        "vulnerabilities": [
            "object injection",
            "http parameter pollution",
            "fingerprinting"
        ],
        "attacks": [
            "sql injection attack",
            "role base access controller attack"
        ]
    },
    {
        "vulnerabilities": [
            "server side reqeust forgery",
            "ss-include",
            "input fields"
        ],
        "attacks": [
            "slowloris attack",
            "role base access controller attack",
            "sql injection attack",
            "large payload post attack"
        ]
    },
    {
        "vulnerabilities": [
            "session fixation",
            "cookie poisoning"
        ],
        "attacks": [
            "open redirection attack"
        ]
    },
    {
        "vulnerabilities": [
            "logical errors"
        ],
        "attacks": [
            "zero-day attack"
        ]
    },
    {
        "vulnerabilities": [
            "buffer overflow"
        ],
        "attacks": [
            "large payload post attack"
        ]
    },
    {
        "vulnerabilities": [
            "input validation"
        ],
        "attacks": [
            "sql injection attack",
            "large payload post attack"
        ]
    },
    {
        "vulnerabilities": [
            "insecure third party dependencies"
        ],
        "attacks": [
            "border gateway protocol hijacking attack"
        ]
    },
    {
        "vulnerabilities": [
            "insider threats"
        ],
        "attacks": [
            "zero-day attack"
        ]
    },
    {
        "vulnerabilities": [
            "insecure third party libraries",
            "mail server"
        ],
        "attacks": [
            "border gateway protocol hijacking attack",
            "open redirection attack",
            "zero-day attack"
        ]
    },
    {
        "vulnerabilities": [
            "http verb tampering",
            "object injection",
            "http path"
        ],
        "attacks": [
            "zero-day attack",
            "sql injection attack",
            "large payload post attack"
        ]
    },
    {
        "vulnerabilities": [
            "lack of two factor authentication"
        ],
        "attacks": [
            "role base access controller attack"
        ]
    },
    {
        "vulnerabilities": [
            "http path",
            "server side reqeust forgery",
            "dos"
        ],
        "attacks": [
            "sql injection attack",
            "large payload post attack",
            "slowloris attack",
            "dos attack"
        ]
    },
    {
        "vulnerabilities": [
            "email header injection"
        ],
        "attacks": [
            "sql injection attack"
        ]
    },
    {
        "vulnerabilities": [
            "unrestricted cors",
            "unrestricted access to sensitive business flows"
        ],
        "attacks": [
            "xss attack",
            "role base access controller attack"
        ]
    },
    {
        "vulnerabilities": [
            "dos",
            "insecure file uploads"
        ],
        "attacks": [
            "dos attack",
            "large payload post attack"
        ]
    },
    {
        "vulnerabilities": [
            "clickjacking",
            "xml external entity"
        ],
        "attacks": [
            "border gateway protocol hijacking attack",
            "sql injection attack"
        ]
    },
    {
        "vulnerabilities": [
            "server side reqeust forgery",
            "http query"
        ],
        "attacks": [
            "slowloris attack",
            "sql injection attack",
            "large payload post attack"
        ]
    },
    {
        "vulnerabilities": [
            "logical errors"
        ],
        "attacks": [
            "zero-day attack"
        ]
    },
    {
        "vulnerabilities": [
            "fingerprinting"
        ],
        "attacks": [
            "role base access controller attack"
        ]
    },
    {
        "vulnerabilities": [
            "session fixation",
            "bypassing captcha",
            "form field manipulation"
        ],
        "attacks": [
            "open redirection attack",
            "large payload post attack",
            "sql injection attack"
        ]
    },
    {
        "vulnerabilities": [
            "insecure file uploads",
            "brute force",
            "broken object level authorization"
        ],
        "attacks": [
            "large payload post attack",
            "dos attack",
            "slowloris attack",
            "role base access controller attack"
        ]
    },
    {
        "vulnerabilities": [
            "server side request forgery"
        ],
        "attacks": [
            "slowloris attack"
        ]
    },
    {
        "vulnerabilities": [
            "dns spoofing"
        ],
        "attacks": [
            "border gateway protocol hijacking attack"
        ]
    },
    {
        "vulnerabilities": [
            "hpp"
        ],
        "attacks": [
            "sql injection attack"
        ]
    },
    {
        "vulnerabilities": [
            "request path",
            "bypassing captcha"
        ],
        "attacks": [
            "sql injection attack",
            "large payload post attack"
        ]
    },
    {
        "vulnerabilities": [
            "nosql-injection"
        ],
        "attacks": [
            "sql injection attack"
        ]
    },
    {
        "vulnerabilities": [
            "docker image",
            "cors",
            "canonicalization"
        ],
        "attacks": [
            "dos attack",
            "zero-day attack",
            "xss attack",
            "large payload post attack"
        ]
    },
    {
        "vulnerabilities": [
            "man in the middle"
        ],
        "attacks": [
            "border gateway protocol hijacking attack"
        ]
    },
    {
        "vulnerabilities": [
            "broken access control",
            "session side-jacking",
            "insufficient logging"
        ],
        "attacks": [
            "role base access controller attack",
            "border gateway protocol hijacking attack",
            "open redirection attack",
            "zero-day attack"
        ]
    },
    {
        "vulnerabilities": [
            "input validation",
            "ldap injection"
        ],
        "attacks": [
            "sql injection attack",
            "large payload post attack"
        ]
    },
    {
        "vulnerabilities": [
            "server side request forgery",
            "ssrf"
        ],
        "attacks": [
            "slowloris attack"
        ]
    },
    {
        "vulnerabilities": [
            "xss-scripting",
            "input fields",
            "http response splitting"
        ],
        "attacks": [
            "xss attack",
            "sql injection attack",
            "large payload post attack",
            "zero-day attack"
        ]
    },
    {
        "vulnerabilities": [
            "input validation"
        ],
        "attacks": [
            "sql injection attack",
            "large payload post attack"
        ]
    },
    {
        "vulnerabilities": [
            "xml external entity",
            "unrestricted access to sensitive business flows"
        ],
        "attacks": [
            "sql injection attack",
            "role base access controller attack"
        ]
    },
    {
        "vulnerabilities": [
            "insecure third party libraries",
            "business email compromise"
        ],
        "attacks": [
            "border gateway protocol hijacking attack",
            "open redirection attack",
            "zero-day attack"
        ]
    },
    {
        "vulnerabilities": [
            "serverless function"
        ],
        "attacks": [
            "dos attack"
        ]
    },
    {
        "vulnerabilities": [
            "insecure direct object references",
            "ssrf"
        ],
        "attacks": [
            "zero-day attack",
            "slowloris attack"
        ]
    },
    {
        "vulnerabilities": [
            "serverless function",
            "email header injection"
        ],
        "attacks": [
            "dos attack",
            "sql injection attack"
        ]
    },
    {
        "vulnerabilities": [
            "lfi",
            "on container image",
            "http parameter pollution"
        ],
        "attacks": [
            "large payload post attack",
            "dos attack",
            "sql injection attack"
        ]
    }
]