[
    {
        "vulnerabilities": [
            "broken object level authorization",
            "http query",
            "request path",
            "mysql server"
        ],
        "attacks": [
            "role base access controller attack",
            "sql injection attack",
            "large payload post attack",
            "border gateway protocol hijacking attack"
        ]
    },
    {
        "vulnerabilities": [
            "session side-jacking",
            "object injection"
        ],
        "attacks": [
            "border gateway protocol hijacking attack",
            "open redirection attack",
            "sql injection attack"
        ]
    },
    {
        "vulnerabilities": [
            "elevation of privilege",
            "excessive permissions"
        ],
        "attacks": [
            "role base access controller attack"
        ]
    },
    {
        "vulnerabilities": [
            "server side template injection",
            "clickjacking",
            "broken session management",
            "insecure third party dependencies"
        ],
        "attacks": [
            "sql injection attack",
            "border gateway protocol hijacking attack",
            "role base access controller attack"
        ]
    },
    {
        "vulnerabilities": [
            "mail-injection"
        ],
        "attacks": [
            "border gateway protocol hijacking attack",
            "sql injection attack"
        ]
    },
    {
        "vulnerabilities": [
            "input fields",
            "ddos",
            "insider threats",
            "2fa",
            "race conditions"
        ],
        "attacks": [
            "sql injection attack",
            "large payload post attack",
            "dos attack",
            "zero-day attack",
            "role base access controller attack",
            "slowloris attack"
        ]
    },
    {
        "vulnerabilities": [
            "dns spoofing",
            "insecure deserialization",
            "2fa",
            "remote file inclusion",
            "server side request forgery"
        ],
        "attacks": [
            "border gateway protocol hijacking attack",
            "zero-day attack",
            "role base access controller attack",
            "slowloris attack"
        ]
    },
    {
        "vulnerabilities": [
            "sensitive data exposure",
            "http verb tampering"
        ],
        "attacks": [
            "role base access controller attack",
            "zero-day attack"
        ]
    },
    {
        "vulnerabilities": [
            "broken session management",
            "http host header"
        ],
        "attacks": [
            "role base access controller attack",
            "open redirection attack",
            "border gateway protocol hijacking attack"
        ]
    },
    {
        "vulnerabilities": [
            "ddos",
            "cors",
            "http response splitting"
        ],
        "attacks": [
            "dos attack",
            "xss attack",
            "zero-day attack"
        ]
    },
    {
        "vulnerabilities": [
            "side channel",
            "mass assignment",
            "multi resource",
            "http verb tampering"
        ],
        "attacks": [
            "slowloris attack",
            "large payload post attack",
            "border gateway protocol hijacking attack",
            "zero-day attack"
        ]
    },
    {
        "vulnerabilities": [
            "excessive permissions",
            "no header token",
            "xss-scripting"
        ],
        "attacks": [
            "role base access controller attack",
            "xss attack"
        ]
    },
    {
        "vulnerabilities": [
            "os version",
            "broken authentication"
        ],
        "attacks": [
            "dos attack",
            "zero-day attack",
            "role base access controller attack"
        ]
    },
    {
        "vulnerabilities": [
            "ss-include"
        ],
        "attacks": [
            "role base access controller attack"
        ]
    },
    {
        "vulnerabilities": [
            "elevation of privilege",
            "broken object level authorization",
            "input fields"
        ],
        "attacks": [
            "role base access controller attack",
            "sql injection attack",
            "large payload post attack"
        ]
    },
    {
        "vulnerabilities": [
            "ddos",
            "lack of rate limiting",
            "insecure third party libraries"
        ],
        "attacks": [
            "dos attack",
            "slowloris attack",
            "border gateway protocol hijacking attack",
            "open redirection attack",
            "zero-day attack"
        ]
    },
    {
        "vulnerabilities": [
            "http query",
            "broken session management",
            "content spoofing",
            "xpath injection",
            "exploiting know vulnerabilities"
        ],
        "attacks": [
            "sql injection attack",
            "large payload post attack",
            "role base access controller attack",
            "border gateway protocol hijacking attack",
            "zero-day attack"
        ]
    },
    {
        "vulnerabilities": [
            "sensitive data exposure",
            "broken object level authorization",
            "lack of two factor authentication"
        ],
        "attacks": [
            "role base access controller attack"
        ]
    },
    {
        "vulnerabilities": [
            "elevation of privilege",
            "vm version",
            "improper inventory management"
        ],
        "attacks": [
            "role base access controller attack",
            "dos attack",
            "zero-day attack"
        ]
    },
    {
        "vulnerabilities": [
            "http response splitting",
            "cookie poisoning",
            "broken session management",
            "cors"
        ],
        "attacks": [
            "zero-day attack",
            "open redirection attack",
            "role base access controller attack",
            "xss attack"
        ]
    },
    {
        "vulnerabilities": [
            "server side reqeust forgery",
            "fingerprinting",
            "dns spoofing",
            "directory traversal"
        ],
        "attacks": [
            "slowloris attack",
            "role base access controller attack",
            "border gateway protocol hijacking attack",
            "zero-day attack"
        ]
    },
    {
        "vulnerabilities": [
            "server side template injection",
            "dns spoofing"
        ],
        "attacks": [
            "sql injection attack",
            "border gateway protocol hijacking attack"
        ]
    },
    {
        "vulnerabilities": [
            "logical errors",
            "remote file inclusion",
            "cors",
            "broken session management",
            "http path"
        ],
        "attacks": [
            "zero-day attack",
            "border gateway protocol hijacking attack",
            "xss attack",
            "role base access controller attack",
            "sql injection attack",
            "large payload post attack"
        ]
    },
    {
        "vulnerabilities": [
            "insecure file uploads"
        ],
        "attacks": [
            "large payload post attack"
        ]
    },
    {
        "vulnerabilities": [
            "remote file inclusion"
        ],
        "attacks": [
            "border gateway protocol hijacking attack"
        ]
    },
    {
        "vulnerabilities": [
            "2fa",
            "zero day",
            "request input",
            "buffer overflow",
            "sql-injection"
        ],
        "attacks": [
            "role base access controller attack",
            "zero-day attack",
            "sql injection attack",
            "large payload post attack"
        ]
    },
    {
        "vulnerabilities": [
            "brute force",
            "broken object property level authorization",
            "http response splitting",
            "cross site scripting"
        ],
        "attacks": [
            "dos attack",
            "slowloris attack",
            "role base access controller attack",
            "zero-day attack",
            "xss attack"
        ]
    },
    {
        "vulnerabilities": [
            "big return data"
        ],
        "attacks": [
            "large payload post attack"
        ]
    },
    {
        "vulnerabilities": [
            "mysql server",
            "ss-include",
            "unrestricted cors"
        ],
        "attacks": [
            "border gateway protocol hijacking attack",
            "sql injection attack",
            "role base access controller attack",
            "xss attack"
        ]
    },
    {
        "vulnerabilities": [
            "server side request forgery",
            "http host header",
            "input fields",
            "insecure third party libraries",
            "brute force"
        ],
        "attacks": [
            "slowloris attack",
            "open redirection attack",
            "border gateway protocol hijacking attack",
            "sql injection attack",
            "large payload post attack",
            "zero-day attack",
            "dos attack"
        ]
    },
    {
        "vulnerabilities": [
            "http host header"
        ],
        "attacks": [
            "open redirection attack",
            "border gateway protocol hijacking attack"
        ]
    },
    {
        "vulnerabilities": [
            "dos",
            "broken authentication",
            "lfi"
        ],
        "attacks": [
            "dos attack",
            "role base access controller attack",
            "large payload post attack"
        ]
    },
    {
        "vulnerabilities": [
            "elevation of privilege",
            "race conditions",
            "form field manipulation",
            "nosql-injection",
            "insecure direct object references"
        ],
        "attacks": [
            "role base access controller attack",
            "slowloris attack",
            "sql injection attack",
            "large payload post attack",
            "zero-day attack"
        ]
    },
    {
        "vulnerabilities": [
            "sql-injection",
            "nosql-injection",
            "buffer overflow",
            "email header injection"
        ],
        "attacks": [
            "sql injection attack",
            "large payload post attack"
        ]
    },
    {
        "vulnerabilities": [
            "ddos",
            "unrestricted cors",
            "fingerprinting",
            "http host header"
        ],
        "attacks": [
            "dos attack",
            "xss attack",
            "role base access controller attack",
            "open redirection attack",
            "border gateway protocol hijacking attack"
        ]
    },
    {
        "vulnerabilities": [
            "ddos",
            "logical errors",
            "sql-injection",
            "business logic"
        ],
        "attacks": [
            "dos attack",
            "zero-day attack",
            "sql injection attack"
        ]
    },
    {
        "vulnerabilities": [
            "business email compromise",
            "zero day",
            "ddos",
            "canonicalization",
            "http path"
        ],
        "attacks": [
            "border gateway protocol hijacking attack",
            "zero-day attack",
            "dos attack",
            "large payload post attack",
            "sql injection attack"
        ]
    },
    {
        "vulnerabilities": [
            "mass assignment",
            "bypassing captcha",
            "directory traversal"
        ],
        "attacks": [
            "large payload post attack",
            "zero-day attack"
        ]
    },
    {
        "vulnerabilities": [
            "webhooks and callbacks",
            "http query"
        ],
        "attacks": [
            "slowloris attack",
            "sql injection attack",
            "large payload post attack"
        ]
    },
    {
        "vulnerabilities": [
            "multi resource",
            "unsafe consumption of apis",
            "security misconfiguration",
            "authentication lack",
            "business email compromise"
        ],
        "attacks": [
            "border gateway protocol hijacking attack",
            "zero-day attack",
            "role base access controller attack"
        ]
    },
    {
        "vulnerabilities": [
            "server side request forgery"
        ],
        "attacks": [
            "slowloris attack"
        ]
    },
    {
        "vulnerabilities": [
            "broken object level authorization",
            "authentication lack",
            "broken access control",
            "http host header"
        ],
        "attacks": [
            "role base access controller attack",
            "open redirection attack",
            "border gateway protocol hijacking attack"
        ]
    },
    {
        "vulnerabilities": [
            "insecure file uploads",
            "clickjacking",
            "unsafe consumption of apis"
        ],
        "attacks": [
            "large payload post attack",
            "border gateway protocol hijacking attack",
            "zero-day attack"
        ]
    },
    {
        "vulnerabilities": [
            "phishing",
            "broken object property level authorization",
            "csrf",
            "local file inclusion",
            "sql-injection"
        ],
        "attacks": [
            "border gateway protocol hijacking attack",
            "role base access controller attack",
            "xss attack",
            "large payload post attack",
            "sql injection attack"
        ]
    },
    {
        "vulnerabilities": [
            "buffer overflow",
            "input fields",
            "broken session management"
        ],
        "attacks": [
            "large payload post attack",
            "sql injection attack",
            "role base access controller attack"
        ]
    },
    {
        "vulnerabilities": [
            "mail server",
            "data validation",
            "csrf"
        ],
        "attacks": [
            "border gateway protocol hijacking attack",
            "sql injection attack",
            "large payload post attack",
            "xss attack"
        ]
    },
    {
        "vulnerabilities": [
            "object injection",
            "broken function level authorization",
            "mass assignment",
            "form field manipulation"
        ],
        "attacks": [
            "sql injection attack",
            "role base access controller attack",
            "large payload post attack"
        ]
    },
    {
        "vulnerabilities": [
            "sql-injection",
            "content spoofing",
            "dns spoofing",
            "mass assignment"
        ],
        "attacks": [
            "sql injection attack",
            "border gateway protocol hijacking attack",
            "large payload post attack"
        ]
    },
    {
        "vulnerabilities": [
            "server side request forgery",
            "third party dependency",
            "unrestricted resource consumption",
            "insufficient logging",
            "injection attacks"
        ],
        "attacks": [
            "slowloris attack",
            "border gateway protocol hijacking attack",
            "zero-day attack",
            "sql injection attack"
        ]
    },
    {
        "vulnerabilities": [
            "multi resource",
            "insecure third party dependencies",
            "credential stuffing",
            "mass assignment",
            "insecure deserialization"
        ],
        "attacks": [
            "border gateway protocol hijacking attack",
            "role base access controller attack",
            "large payload post attack",
            "zero-day attack"
        ]
    },
    {
        "vulnerabilities": [
            "path-traversal",
            "xpath injection",
            "on container image",
            "zero day",
            "dns spoofing"
        ],
        "attacks": [
            "zero-day attack",
            "sql injection attack",
            "dos attack",
            "border gateway protocol hijacking attack"
        ]
    },
    {
        "vulnerabilities": [
            "input validation",
            "broken access control",
            "mass assignment",
            "authentication lack"
        ],
        "attacks": [
            "sql injection attack",
            "large payload post attack",
            "role base access controller attack"
        ]
    },
    {
        "vulnerabilities": [
            "hpp",
            "http response splitting"
        ],
        "attacks": [
            "sql injection attack",
            "zero-day attack"
        ]
    },
    {
        "vulnerabilities": [
            "no header token",
            "object injection"
        ],
        "attacks": [
            "role base access controller attack",
            "sql injection attack"
        ]
    },
    {
        "vulnerabilities": [
            "business logic"
        ],
        "attacks": [
            "zero-day attack"
        ]
    },
    {
        "vulnerabilities": [
            "business email compromise",
            "clickjacking"
        ],
        "attacks": [
            "border gateway protocol hijacking attack"
        ]
    },
    {
        "vulnerabilities": [
            "canonicalization",
            "exploiting know vulnerabilities"
        ],
        "attacks": [
            "large payload post attack",
            "zero-day attack"
        ]
    },
    {
        "vulnerabilities": [
            "content spoofing",
            "os version"
        ],
        "attacks": [
            "border gateway protocol hijacking attack",
            "dos attack",
            "zero-day attack"
        ]
    },
    {
        "vulnerabilities": [
            "nosql-injection",
            "bypassing captcha",
            "xpath injection",
            "server side request forgery",
            "input validation"
        ],
        "attacks": [
            "sql injection attack",
            "large payload post attack",
            "slowloris attack"
        ]
    },
    {
        "vulnerabilities": [
            "lack of rate limiting",
            "broken object level authorization",
            "cross site scripting",
            "injection attacks",
            "server side template injection"
        ],
        "attacks": [
            "dos attack",
            "slowloris attack",
            "role base access controller attack",
            "xss attack",
            "sql injection attack"
        ]
    },
    {
        "vulnerabilities": [
            "ss-include",
            "header manipulation",
            "input form",
            "broken object property level authorization",
            "html form"
        ],
        "attacks": [
            "role base access controller attack",
            "open redirection attack",
            "sql injection attack",
            "large payload post attack"
        ]
    },
    {
        "vulnerabilities": [
            "remote file inclusion",
            "form field manipulation",
            "logical errors",
            "http path"
        ],
        "attacks": [
            "border gateway protocol hijacking attack",
            "sql injection attack",
            "large payload post attack",
            "zero-day attack"
        ]
    },
    {
        "vulnerabilities": [
            "insufficient logging",
            "zero day"
        ],
        "attacks": [
            "zero-day attack"
        ]
    },
    {
        "vulnerabilities": [
            "race conditions"
        ],
        "attacks": [
            "slowloris attack"
        ]
    },
    {
        "vulnerabilities": [
            "cookie poisoning"
        ],
        "attacks": [
            "open redirection attack"
        ]
    },
    {
        "vulnerabilities": [
            "multi resource",
            "broken object level authorization",
            "community-xss",
            "on container image",
            "exploiting know vulnerabilities"
        ],
        "attacks": [
            "border gateway protocol hijacking attack",
            "role base access controller attack",
            "xss attack",
            "dos attack",
            "zero-day attack"
        ]
    },
    {
        "vulnerabilities": [
            "ssrf",
            "community-xss",
            "session hijacking",
            "insecure third party dependencies",
            "insufficient monitoring"
        ],
        "attacks": [
            "slowloris attack",
            "xss attack",
            "border gateway protocol hijacking attack",
            "open redirection attack",
            "zero-day attack"
        ]
    },
    {
        "vulnerabilities": [
            "credential stuffing",
            "cross site scripting",
            "cookie poisoning",
            "session side-jacking"
        ],
        "attacks": [
            "role base access controller attack",
            "xss attack",
            "open redirection attack",
            "border gateway protocol hijacking attack"
        ]
    },
    {
        "vulnerabilities": [
            "xss-scripting",
            "ss-include",
            "os version"
        ],
        "attacks": [
            "xss attack",
            "role base access controller attack",
            "dos attack",
            "zero-day attack"
        ]
    },
    {
        "vulnerabilities": [
            "exploiting know vulnerabilities",
            "http query",
            "local file inclusion"
        ],
        "attacks": [
            "zero-day attack",
            "sql injection attack",
            "large payload post attack"
        ]
    },
    {
        "vulnerabilities": [
            "broken object property level authorization",
            "session side-jacking"
        ],
        "attacks": [
            "role base access controller attack",
            "border gateway protocol hijacking attack",
            "open redirection attack"
        ]
    },
    {
        "vulnerabilities": [
            "on container image"
        ],
        "attacks": [
            "dos attack"
        ]
    },
    {
        "vulnerabilities": [
            "community-xss",
            "side channel",
            "credential stuffing",
            "business logic"
        ],
        "attacks": [
            "xss attack",
            "slowloris attack",
            "role base access controller attack",
            "zero-day attack"
        ]
    },
    {
        "vulnerabilities": [
            "input validation",
            "input form",
            "serverless function",
            "unrestricted resource consumption",
            "elevation of privilege"
        ],
        "attacks": [
            "sql injection attack",
            "large payload post attack",
            "dos attack",
            "zero-day attack",
            "role base access controller attack"
        ]
    },
    {
        "vulnerabilities": [
            "content spoofing",
            "injection attacks",
            "serverless function"
        ],
        "attacks": [
            "border gateway protocol hijacking attack",
            "sql injection attack",
            "dos attack"
        ]
    },
    {
        "vulnerabilities": [
            "broken session management",
            "bypassing captcha"
        ],
        "attacks": [
            "role base access controller attack",
            "large payload post attack"
        ]
    },
    {
        "vulnerabilities": [
            "path-traversal",
            "business logic",
            "input validation",
            "insecure third party dependencies"
        ],
        "attacks": [
            "zero-day attack",
            "sql injection attack",
            "large payload post attack",
            "border gateway protocol hijacking attack"
        ]
    },
    {
        "vulnerabilities": [
            "remote file inclusion",
            "server side request forgery",
            "cross site request forgery"
        ],
        "attacks": [
            "border gateway protocol hijacking attack",
            "slowloris attack"
        ]
    },
    {
        "vulnerabilities": [
            "race conditions",
            "http query",
            "insufficient logging",
            "no header token"
        ],
        "attacks": [
            "slowloris attack",
            "sql injection attack",
            "large payload post attack",
            "zero-day attack",
            "role base access controller attack"
        ]
    },
    {
        "vulnerabilities": [
            "os version"
        ],
        "attacks": [
            "dos attack",
            "zero-day attack"
        ]
    },
    {
        "vulnerabilities": [
            "content spoofing",
            "http path",
            "business email compromise",
            "canonicalization"
        ],
        "attacks": [
            "border gateway protocol hijacking attack",
            "sql injection attack",
            "large payload post attack"
        ]
    },
    {
        "vulnerabilities": [
            "canonicalization"
        ],
        "attacks": [
            "large payload post attack"
        ]
    },
    {
        "vulnerabilities": [
            "html form",
            "vm version",
            "insecure file uploads",
            "cookie poisoning"
        ],
        "attacks": [
            "sql injection attack",
            "large payload post attack",
            "dos attack",
            "zero-day attack",
            "open redirection attack"
        ]
    },
    {
        "vulnerabilities": [
            "session side-jacking",
            "mass assignment",
            "ssrf",
            "lfi",
            "business logic"
        ],
        "attacks": [
            "border gateway protocol hijacking attack",
            "open redirection attack",
            "large payload post attack",
            "slowloris attack",
            "zero-day attack"
        ]
    },
    {
        "vulnerabilities": [
            "race conditions",
            "insecure third party dependencies"
        ],
        "attacks": [
            "slowloris attack",
            "border gateway protocol hijacking attack"
        ]
    },
    {
        "vulnerabilities": [
            "community-xss",
            "request input"
        ],
        "attacks": [
            "xss attack",
            "sql injection attack"
        ]
    },
    {
        "vulnerabilities": [
            "canonicalization",
            "session side-jacking",
            "lfi",
            "broken access control"
        ],
        "attacks": [
            "large payload post attack",
            "border gateway protocol hijacking attack",
            "open redirection attack",
            "role base access controller attack"
        ]
    },
    {
        "vulnerabilities": [
            "excessive permissions",
            "lack of rate limiting"
        ],
        "attacks": [
            "role base access controller attack",
            "dos attack",
            "slowloris attack"
        ]
    },
    {
        "vulnerabilities": [
            "broken object property level authorization",
            "exploiting know vulnerabilities",
            "email header injection",
            "improper inventory management",
            "lack of rate limiting"
        ],
        "attacks": [
            "role base access controller attack",
            "zero-day attack",
            "sql injection attack",
            "dos attack",
            "slowloris attack"
        ]
    },
    {
        "vulnerabilities": [
            "excessive permissions"
        ],
        "attacks": [
            "role base access controller attack"
        ]
    },
    {
        "vulnerabilities": [
            "http response splitting",
            "lack of two factor authentication",
            "broken function level authorization",
            "bypassing captcha"
        ],
        "attacks": [
            "zero-day attack",
            "role base access controller attack",
            "large payload post attack"
        ]
    },
    {
        "vulnerabilities": [
            "brute force",
            "broken object property level authorization",
            "html form",
            "improper inventory management"
        ],
        "attacks": [
            "dos attack",
            "slowloris attack",
            "role base access controller attack",
            "sql injection attack",
            "large payload post attack",
            "zero-day attack"
        ]
    },
    {
        "vulnerabilities": [
            "ss-include"
        ],
        "attacks": [
            "role base access controller attack"
        ]
    },
    {
        "vulnerabilities": [
            "api versioning",
            "side channel",
            "soap",
            "injection attacks"
        ],
        "attacks": [
            "slowloris attack",
            "role base access controller attack",
            "open redirection attack",
            "sql injection attack"
        ]
    },
    {
        "vulnerabilities": [
            "ss-include",
            "exploiting know vulnerabilities",
            "insecure third party libraries",
            "cross site request forgery"
        ],
        "attacks": [
            "role base access controller attack",
            "zero-day attack",
            "border gateway protocol hijacking attack",
            "open redirection attack",
            "slowloris attack"
        ]
    },
    {
        "vulnerabilities": [
            "csrf",
            "mass assignment"
        ],
        "attacks": [
            "xss attack",
            "large payload post attack"
        ]
    },
    {
        "vulnerabilities": [
            "input validation",
            "os version"
        ],
        "attacks": [
            "sql injection attack",
            "large payload post attack",
            "dos attack",
            "zero-day attack"
        ]
    },
    {
        "vulnerabilities": [
            "authentication lack",
            "api versioning"
        ],
        "attacks": [
            "role base access controller attack",
            "slowloris attack"
        ]
    },
    {
        "vulnerabilities": [
            "cross site scripting",
            "ssrf",
            "excessive permissions"
        ],
        "attacks": [
            "xss attack",
            "slowloris attack",
            "role base access controller attack"
        ]
    },
    {
        "vulnerabilities": [
            "excessive permissions",
            "data filtration"
        ],
        "attacks": [
            "role base access controller attack",
            "large payload post attack",
            "sql injection attack"
        ]
    }
]